Feature1,Feature2,Feature3,Feature4,Feature5,Sale_Price
0.3745401188473625,18.513292883861965,1,C,65.89904576069932,Y
0.9507143064099162,54.190094737835814,0,C,59.25508924365046,Y
0.7319939418114051,87.29458358764083,0,C,60.253539848007165,Y
0.5986584841970366,73.22248864095612,0,C,29.510664331991986,N
0.15601864044243652,80.65611478614497,1,D,68.179159780796,N
0.15599452033620265,65.87833667107174,1,C,53.91875796850784,Y
0.05808361216819946,69.22765645178525,1,A,44.460842911306955,Y
0.8661761457749352,84.91956515653193,1,C,52.15082701013377,Y
0.6011150117432088,24.966800885918595,1,D,23.3564715065252,N
0.7080725777960455,48.942496364314046,1,C,56.12979217221006,Y
0.020584494295802447,22.120944181960223,1,A,34.559427377268925,N
0.9699098521619943,98.7668007996647,0,D,29.709945712346983,Y
0.8324426408004217,94.40593396866133,1,D,27.164612206731633,Y
0.21233911067827616,3.94268113685059,0,A,66.69032562484888,Y
0.18182496720710062,70.55751725156884,0,A,40.561049094608165,N
0.18340450985343382,92.52483174156659,1,A,73.00591564874749,N
0.3042422429595377,18.057534512733355,1,A,41.96297805421553,N
0.5247564316322378,56.79452305526295,0,A,24.3896306361058,Y
0.43194501864211576,91.54882975880419,0,D,33.25213340077011,N
0.2912291401980419,3.394597858579884,1,D,68.53717430010408,N
0.6118528947223795,69.742026724684,1,C,47.66152733094999,Y
0.13949386065204183,29.734900737255078,0,C,41.77569055264099,Y
0.29214464853521815,92.43961953765304,1,B,52.40027338779181,N
0.3663618432936917,97.10582451653677,1,C,57.52674104251317,N
0.45606998421703593,94.42664891134339,1,C,66.76098223853691,N
0.7851759613930136,47.42142166574638,0,A,71.7274884483939,N
0.19967378215835974,86.20426509893134,0,A,44.60347031316371,Y
0.5142344384136116,84.45493985350704,0,C,30.109284708769426,Y
0.5924145688620425,31.910047324325564,1,B,43.79802258315086,Y
0.046450412719997725,82.89154741506773,1,A,53.90420759874329,N
0.6075448519014384,3.700763471549262,0,C,35.54361610684084,N
0.17052412368729153,59.6269878482053,0,C,35.642736276574354,Y
0.06505159298527952,23.000883728770305,0,D,55.15681822324828,Y
0.9488855372533332,12.056688577727881,1,B,49.270214726443236,N
0.9656320330745594,7.695320162920916,0,D,50.4919549311738,N
0.8083973481164611,69.62887758781397,0,B,38.62256997949896,Y
0.3046137691733707,33.98749637680661,1,A,46.54398928691349,Y
0.09767211400638387,72.47667715287615,1,B,36.136502835975435,Y
0.6842330265121569,6.535634079894237,1,C,63.3529761668718,N
0.4401524937396013,31.529033783061035,0,C,65.52874002085629,N
0.12203823484477883,53.949129237533725,1,B,22.30718206642859,N
0.4951769101112702,79.07231648389636,1,B,36.05733709711385,N
0.034388521115218396,31.875250293206992,0,B,27.552061173648813,N
0.9093204020787821,62.58913764370091,1,D,40.249640983896526,N
0.2587799816000169,88.5977748236187,0,B,48.748430453144586,Y
0.662522284353982,61.58631881823046,0,A,28.25532170452205,Y
0.31171107608941095,23.295947475363377,1,D,36.1721028031203,N
0.5200680211778108,2.440078155653802,1,D,34.94063941877752,Y
0.5467102793432796,87.00988739009298,1,B,53.10900994098416,N
0.18485445552552704,2.126941085038714,1,A,51.04016505554375,Y
0.9695846277645586,87.47016726841994,1,D,39.1739366999412,N
0.7751328233611146,52.8937134027212,1,C,52.65231308209097,Y
0.9394989415641891,93.90676985128962,0,D,41.79979873119102,Y
0.8948273504276488,79.87832357736654,0,B,45.9251733451092,N
0.5978999788110851,99.79341105333374,1,A,75.10178135447805,N
0.9218742350231168,35.071181545171015,0,B,70.10691577685522,Y
0.0884925020519195,76.71882889311269,1,C,30.506281446086035,Y
0.1959828624191452,40.193091360924214,0,C,62.44598626818762,N
0.045227288910538066,47.98756203039088,0,C,62.170948317373885,Y
0.32533033076326434,62.75054632183701,0,B,32.776050668710724,N
0.388677289689482,87.36771141863387,1,D,62.28166465632291,N
0.2713490317738959,98.40834691992951,0,B,73.06897877618829,Y
0.8287375091519293,76.82734138645182,1,A,33.16182790633379,N
0.3567533266935893,41.77667821673337,0,D,36.237457684786044,Y
0.28093450968738076,42.13570022770702,0,C,65.26492200265254,Y
0.5426960831582485,73.75823015888915,0,B,54.07242966238472,N
0.14092422497476265,23.877714576830233,0,C,58.27214412859285,Y
0.8021969807540397,11.047411313139467,0,C,55.10883824600745,N
0.07455064367977082,35.462215764077655,1,A,55.86043881392216,N
0.9868869366005173,28.723899165408174,1,D,30.102918075333754,N
0.7722447692966574,29.630812045599008,0,A,65.70976559932173,Y
0.1987156815341724,23.360775104990992,0,A,67.54384988641661,N
0.005522117123602399,4.209318963636188,0,A,46.559138838979585,Y
0.8154614284548342,1.787393473341381,0,C,49.34784575279206,N
0.7068573438476171,98.77223897360315,1,A,27.03338746166417,N
0.7290071680409873,42.77731337358623,0,A,57.71382134026752,N
0.7712703466859457,38.432664715968166,1,D,58.58086162571216,Y
0.07404465173409036,67.96472826930699,0,D,49.067134745010335,Y
0.3584657285442726,21.825388786506416,1,A,66.86530039805754,N
0.11586905952512971,94.99611839502253,0,D,44.98884153530089,N
0.8631034258755935,78.6345014415552,0,D,58.469088888404,Y
0.6232981268275579,8.94110023122595,1,A,34.705034919618264,Y
0.3308980248526492,41.75807757849284,0,C,49.64671773688643,Y
0.06355835028602363,87.91183075621647,0,A,47.384686131457464,N
0.3109823217156622,94.47320222914102,0,D,53.37961883061412,Y
0.32518332202674705,46.74015112498697,1,C,44.45709606749962,N
0.7296061783380641,61.34113892107077,0,B,48.027911064924986,Y
0.6375574713552131,16.70339460920752,0,C,62.3907075716226,N
0.8872127425763265,99.11686261369765,1,D,43.44853644142674,N
0.4722149251619493,23.16717013834434,1,C,25.90134348891981,N
0.1195942459383017,94.27317741351257,1,A,76.24375856308131,Y
0.713244787222995,64.96466489923685,0,B,70.72181118035729,Y
0.7607850486168974,60.773679487885914,0,B,30.616059573415722,Y
0.5612771975694962,51.26885110165086,0,B,60.34561707867792,N
0.770967179954561,23.06698117177587,1,D,42.455378441729856,N
0.49379559636439074,17.652803200550828,0,D,53.952308229965894,Y
0.5227328293819941,22.048620907017536,0,B,54.4133619352024,N
0.42754101835854963,18.643826214425452,1,C,46.48388299525517,N
0.02541912674409519,77.95844735667534,1,B,38.24351501620406,N
0.10789142699330445,35.01252591667301,1,C,39.64188421525611,Y
0.03142918568673425,5.784267656339637,1,C,36.257121267781365,N
0.6364104112637804,96.91026301408114,1,D,37.522666876543326,Y
0.3143559810763267,88.37858849634257,0,C,48.99232564925967,Y
0.5085706911647028,92.77522831952129,1,B,39.26360016333872,Y
0.907566473926093,99.49078226464353,0,D,60.2307809856893,Y
0.24929222914887494,17.38952492194873,0,A,72.30869233003891,Y
0.41038292303562973,39.62420189026587,1,A,41.29920137944936,N
0.7555511385430487,75.82384757040913,1,D,53.591067508030655,Y
0.22879816549162246,69.60206180537922,1,B,57.49527665454401,Y
0.07697990982879299,15.389590633985506,0,A,57.080034063789114,Y
0.289751452913768,81.58331249906178,1,A,51.139329018741314,N
0.16122128725400442,22.444057183666068,1,C,61.140236275395836,N
0.9296976523425731,22.38176148226231,1,C,57.23373429020986,N
0.808120379564417,53.69744228934136,1,B,31.43506366509053,N
0.6334037565104235,59.293993484170315,1,D,63.0373409658391,Y
0.8714605901877177,58.00862078378112,0,B,63.30936255900113,Y
0.8036720768991145,9.148683739775487,0,D,38.550708437321276,N
0.18657005888603584,87.74608626303804,0,A,50.56906753171403,N
0.8925589984899778,26.560004258870606,1,C,60.24993489216604,N
0.5393422419156507,12.951492128280417,1,B,46.86029270630958,N
0.8074401551640625,88.87480798689772,1,B,66.09467071649019,Y
0.8960912999234932,95.56514982297534,0,D,85.45808741929042,N
0.3180034749718639,86.21276172654507,1,D,38.210209510475266,N
0.11005192452767676,80.95160747248781,1,B,29.284330952693377,N
0.22793516254194168,65.52419806390218,1,D,54.55727893407314,N
0.4271077886262563,55.08573706091393,0,B,60.823437576892154,N
0.8180147659224931,8.698675991141014,1,B,46.53700439232846,N
0.8607305832563434,40.845321307069874,0,B,71.79890994981551,N
0.006952130531190703,37.2688517012314,1,A,29.920913004151267,Y
0.5107473025775657,25.97537837603262,0,D,60.393779345474165,Y
0.417411003148779,72.3420113688585,0,C,40.9120876886166,Y
0.22210781047073025,49.58757350787708,0,C,75.79066859310944,Y
0.1198653673336828,8.104621590764793,1,D,79.88773029752177,Y
0.33761517140362796,22.018320194981133,1,B,38.500151183249784,Y
0.9429097039125192,68.32587636595959,0,C,41.7566429613713,N
0.32320293202075523,7.613085949030019,0,C,62.89381830469703,N
0.5187906217433661,85.12069140487687,1,D,44.19304025315728,Y
0.7030189588951778,49.51465270139743,1,C,49.318831731016424,N
0.363629602379294,48.0586577326648,0,B,50.38082630813615,Y
0.9717820827209607,59.24077846595176,1,D,21.204902657035156,N
0.9624472949421112,82.46809659251491,1,B,49.79243380858644,N
0.25178229582536416,34.780920790219305,1,C,39.654083389037396,N
0.49724850589238545,67.80161525590636,1,C,42.60315766400342,N
0.30087830981676966,56.5731963995791,0,B,71.65448005203221,N
0.2848404943774676,26.70282701694213,1,A,31.152396585811154,N
0.036886947354532795,87.8629986355158,1,C,62.19807780121966,Y
0.6095643339798968,79.74260216069281,0,A,45.81555604502287,Y
0.5026790232288615,65.84518346584255,0,C,45.80359747256249,N
0.05147875124998935,85.05817290942419,1,A,61.85557844077567,Y
0.27864646423661144,86.72942009598023,1,A,55.10076941853336,N
0.9082658859666537,70.83629767150347,1,A,58.55919495829296,Y
0.23956189066697242,83.7013328363672,1,B,64.52276990799291,N
0.1448948720912231,69.74714616692836,0,A,45.030374252250155,Y
0.489452760277563,68.01407717603004,0,A,40.81644898238375,N
0.9856504541106007,61.86113782151843,0,A,33.72274210163303,Y
0.2420552715115004,75.27166395576413,1,C,37.61884205031567,N
0.6721355474058786,15.86051052930737,1,A,94.23641637963088,Y
0.7616196153287176,88.08707591989284,1,C,68.67019371105181,N
0.23763754399239967,87.1843527745232,1,A,29.73388450687968,N
0.7282163486118596,2.9247283034559146,0,A,30.163130648846447,N
0.3677831327192532,82.58167505647627,0,B,57.22799092577737,Y
0.6323058305935795,12.886986747344519,1,C,58.2089719606695,Y
0.6335297107608947,33.51188542591419,0,A,58.233257529760465,Y
0.5357746840747585,74.35082562916078,1,C,46.175663096694535,N
0.0902897700544083,16.07598960483082,1,C,48.118186099956496,Y
0.835302495589238,81.79670241190622,0,D,54.91819286239036,N
0.32078006497173583,83.21341779577419,1,B,51.28839509439996,Y
0.18651851039985423,50.746773376083624,1,B,16.71049440878697,Y
0.040775141554763916,0.638587171683358,0,B,46.553005541372094,Y
0.5908929431882418,28.703813317491278,1,D,37.2289034860953,Y
0.6775643618422824,61.69269183757422,1,D,52.62817128362768,N
0.016587828927856152,98.11861780274235,0,B,94.77888503905115,Y
0.512093058299281,63.18135270166684,1,D,55.51222498211457,Y
0.22649577519793795,25.98035810641598,0,D,45.297054707414034,N
0.6451727904094499,63.40057030996113,1,D,63.827022529658784,N
0.17436642900499144,53.99853797158555,0,B,57.24031830813819,Y
0.690937738102466,77.98453951511436,0,B,56.30141735677762,Y
0.3867353463005374,10.698063882695841,0,B,59.10275889823507,N
0.9367299887367345,76.1027902502028,1,D,80.84815347244312,N
0.13752094414599325,54.12665786761103,0,B,33.03667347011127,N
0.3410663510502585,96.29920038589947,0,D,57.104481152171815,Y
0.11347352124058907,34.187216603868606,0,A,36.10428305027692,Y
0.9246936182785628,63.26218931339481,0,D,58.33268969513372,Y
0.877339353380981,93.20281055100175,0,C,36.21970232770858,N
0.2579416277151556,10.250972799067926,1,B,43.73949779592373,N
0.659984046034179,93.72284872364511,1,B,45.57365128643141,N
0.8172222002012158,68.78857223008133,1,C,64.63725079017064,Y
0.5552008115994623,6.78370591051719,1,D,63.77681665913621,N
0.5296505783560065,30.096356694681624,1,A,31.314239353304234,Y
0.24185229090045168,70.81720886452815,1,C,50.824011664997734,N
0.09310276780589921,6.73506014687717,1,C,39.35630217876241,Y
0.8972157579533268,58.217046017627325,0,D,31.122426339869982,Y
0.9004180571633305,34.588305695295674,1,B,46.74474424363444,N
0.6331014572732679,62.091551776747714,0,D,45.3727581731627,Y
0.3390297910487007,4.5742033812512854,0,C,86.40074729518284,N
0.3492095746126609,87.15368061523763,1,C,56.49439738041044,Y
0.7259556788702394,97.3488969177397,0,B,29.33573748868644,N
0.8971102599525771,96.88778552856915,0,B,41.52838993743587,N
0.8870864242651173,74.96518317429248,0,B,65.32074943144097,Y
0.7798755458576239,13.008624013063198,0,D,81.32664159304888,N
0.6420316461542878,75.82631959290225,1,B,26.210250316430624,Y
0.08413996499504883,2.458691645880151,1,C,21.801134222914325,N
0.16162871409461377,2.2123551528997254,1,C,78.06447763057673,N
0.8985541885270792,32.36102191495412,1,A,55.84421266056356,N
0.6064290596595899,48.864319040466576,1,D,36.9756090218545,N
0.009197051616629648,77.04074178077931,1,A,58.01943629183653,Y
0.1014715428660321,68.32953766065052,1,C,10.463783914746834,N
0.6635017691080558,44.590270637674834,1,A,50.050632598957414,N
0.005061583846218687,27.362666628166586,1,C,54.91731759264628,Y
0.16080805141749865,99.71245001577111,1,A,63.86405209306744,Y
0.5487337893665861,42.6181302235973,0,B,34.791560715611936,Y
0.6918951976926933,45.13870243296755,1,A,51.28530742105038,Y
0.6519612595026005,16.362382119166917,0,B,36.11863060910619,Y
0.22426930946055978,79.48095487499293,0,B,53.830756335114756,Y
0.7121792213475359,69.36822257814886,0,D,36.56980516455464,N
0.23724908749680007,22.07696127887604,0,B,43.87848741259669,Y
0.3253996981592677,8.238104561584269,1,B,35.062769078146566,N
0.7464914051180241,68.0499302074713,0,A,59.76704362735485,Y
0.6496328990472147,65.45112142811352,1,C,62.87676674984998,N
0.8492234104941779,27.32595269982093,1,D,46.480691450638794,N
0.6576128923003434,95.08635622504103,0,B,50.573569924400424,N
0.5683086033354716,15.105789178090024,1,D,28.271128780496838,Y
0.09367476782809248,43.23348010426019,0,A,45.50485027989819,Y
0.3677158030594335,94.36159201675989,0,B,49.24693074437383,Y
0.26520236768172545,41.97273169261223,1,A,89.31189636544963,Y
0.24398964337908358,63.85259476640856,1,D,33.320494613387545,N
0.9730105547524456,39.75943979627943,0,A,71.96265858128656,Y
0.3930977246667604,27.421520234867003,1,D,64.95288160198712,N
0.8920465551771133,98.39776479598282,1,A,54.20954606735204,N
0.6311386259972629,40.9334006315043,1,D,76.379307262927,Y
0.7948113035416484,89.40992036791344,0,C,55.581582089102945,Y
0.5026370931051921,22.995460589108617,0,A,55.83738793501893,Y
0.5769038846263591,21.31047040250833,1,A,49.20319020473682,N
0.4925176938188639,3.113408288451136,1,C,68.35353323627942,Y
0.1952429877980445,65.1666825375885,1,C,66.44703850716326,N
0.7224521152615053,36.852634372376116,1,A,40.614840687556814,Y
0.2807723624408558,86.4358249839637,1,C,30.211292081018488,N
0.02431596643145384,47.32099066915572,0,B,46.955290439065145,Y
0.6454722959071678,96.81934279147217,1,D,37.99942153403531,Y
0.17711067940704894,18.552551570312115,0,D,49.04713138076967,N
0.9404585843529143,86.86231679556109,1,D,68.56157202026209,Y
0.9539285770025874,77.65968527917417,0,B,43.14047517369815,Y
0.9148643902204485,77.0921844644052,1,C,49.35764928032638,Y
0.3701587002554444,84.47832281168877,0,C,50.87034102212593,Y
0.015456616528867428,76.10239909429988,1,A,62.72646323307927,Y
0.9283185625877254,62.62203216314154,0,C,16.29665999023092,Y
0.42818414831731433,13.124487768238758,0,A,40.89949557852055,Y
0.9666548190436696,3.2526179491251916,0,B,53.16925538419209,N
0.9636199770892528,92.08478478156869,0,D,68.00118434640292,N
0.8530094554673601,61.665031452073805,0,D,42.621463287406925,Y
0.2944488920695857,79.65372909761763,0,D,21.85170940937189,Y
0.38509772860192526,48.152235151255006,1,C,59.295671689492046,Y
0.8511366715168569,11.730818896239448,0,A,40.46956416761556,N
0.31692200515627766,12.518579220255043,1,A,32.155000113644576,N
0.1694927466860925,68.55652872289714,1,B,40.63481915430164,Y
0.5568012624583502,43.030589489946266,1,C,47.232119635162256,N
0.936154774160781,20.052472670033673,1,B,40.92883003192681,Y
0.696029796674973,49.15945467414369,1,A,16.916509143513963,Y
0.570061170089365,6.420893707513409,0,A,63.45599295330698,Y
0.09717649377076854,58.19714019143988,0,D,69.12312561918083,Y
0.6150072266991697,26.899340443509768,0,C,59.772829870092586,N
0.9900538501042633,79.75591006371882,1,A,32.93471494362775,N
0.14008401523652403,31.036195892357377,0,D,46.97762699078723,Y
0.5183296523637367,45.52201490818012,0,C,49.90218027155813,N
0.8773730719279554,1.1620539908100636,0,B,58.98191584342865,N
0.7407686177542044,7.244688779455888,0,C,60.02510733077121,Y
0.697015740995268,39.24935564066848,0,C,38.987393018322564,N
0.7024840839871093,47.99388347171235,1,A,51.22993334620341,Y
0.35949115121975517,60.00205481193037,0,A,56.85920606922862,Y
0.29359184426449336,29.166257870930323,1,C,71.83733483220149,Y
0.8093611554785136,69.49818861265426,1,A,60.56759809737085,Y
0.8101133946791808,86.01223971892045,1,A,61.835850310632786,N
0.8670723185801037,77.98509888933498,1,A,51.257399418940416,Y
0.9132405525564713,3.9618825348357145,1,D,71.15688717805256,N
0.5113423988609378,48.0506947257829,0,D,56.14644193939246,Y
0.5015162946871996,10.493017841817487,0,C,37.08368134739644,Y
0.7982951789667752,24.204501586252746,0,A,71.05054955187786,N
0.6499639307777652,98.66625932671465,1,D,60.46854908808541,Y
0.7019668772577033,14.249554290151323,0,C,43.354339683072766,N
0.795792669436101,49.888815345135605,0,A,42.80760548901135,N
0.8900053418175663,61.81557343181191,1,B,54.448633177111425,Y
0.3379951568515358,70.2464970544104,1,A,56.94777192901377,Y
0.375582952639944,55.96486834869141,1,A,52.9593839844681,Y
0.093981939840869,0.9770847419183659,1,D,54.66963010164327,Y
0.578280140996174,32.64613082439919,0,C,75.49936061864571,Y
0.035942273796742086,51.771164338471145,1,C,66.07314728352328,Y
0.46559801813246016,8.786649914483336,1,D,52.85953386897536,N
0.5426446347075766,35.06269312091808,0,A,64.11965871151224,N
0.2865412521282844,3.3203108791366565,0,B,34.512141447086904,Y
0.5908332605690108,7.857849715502074,1,A,55.968905749202136,N
0.03050024993904943,39.69232762015961,0,A,77.13959524599665,N
0.03734818874921442,13.271575404306034,1,B,46.729311569114394,Y
0.8226005606596583,56.75408482615582,1,D,37.28549107071373,Y
0.3601906414112629,68.94649691372658,0,C,40.21866667110409,N
0.12706051265188478,80.05866991090829,0,D,33.655504439864174,Y
0.5222432600548044,20.01502442448101,1,D,38.22857137808445,N
0.7699935530986108,16.748258225906977,1,A,44.442378521149564,Y
0.21582102749684318,10.456784033440025,1,C,28.916494712320368,N
0.6228904758190003,63.64302495436367,0,C,50.234275009244044,N
0.085347464993768,70.64757264869012,1,D,63.53415760679971,N
0.0516817211686077,3.1586144825642037,1,B,36.38365729779619,N
0.531354631568148,93.62122462436898,1,D,72.78925885462652,Y
0.5406351216101065,5.1971283651472415,1,B,57.66188132791392,Y
0.6374299014982066,54.12963353010704,1,C,65.45870878436085,N
0.7260913337226615,70.90605194509165,0,D,40.132481692217944,N
0.9758520794625346,87.09691237460856,1,A,62.81787840599924,Y
0.5163003483011953,71.40869321324278,1,D,33.6209914940703,Y
0.32295647294124596,80.17280830697918,1,C,63.35371251254763,N
0.7951861947687037,33.94501925428061,1,A,52.577590096902966,N
0.2708322512620742,81.48251137465122,0,A,58.29876829977175,N
0.4389714207056361,8.011484638467515,0,B,32.36608091562722,N
0.07845638134226596,89.48166560605276,0,A,36.57395236585093,N
0.02535074341545751,54.75923761537362,1,A,58.958423273800776,Y
0.9626484146779251,81.72977699624937,1,D,35.77477993663699,N
0.8359801205122058,45.23182845183001,0,C,56.94809438148685,Y
0.695974206093698,64.35776951965249,0,B,29.492932903096314,Y
0.4089529444142699,52.640266093611324,0,D,62.72261319000002,Y
0.17329432007084578,73.15895217553319,1,A,31.512150278472365,N
0.15643704267108605,8.162998203058958,1,A,58.28449906519285,Y
0.25024289816459533,6.03520839905638,0,B,59.38446400469002,Y
0.5492266647061205,24.710323401014644,0,C,39.54842272355638,Y
0.7145959227000623,15.954468011318834,0,B,58.7303985062709,Y
0.6601973767177313,87.17835665922017,1,D,53.90663395000334,N
0.27993389694594284,21.92139873580443,1,B,41.91737215710893,N
0.9548652806631941,97.58652558191314,1,A,34.871679738856876,Y
0.7378969166957685,33.68957917711069,0,D,20.560614624911313,Y
0.5543540525114007,18.211791568869927,0,A,55.244750709495406,N
0.6117207462343522,78.96985071424791,1,C,26.52795842956917,N
0.4196000624277899,65.87077755008761,0,A,51.430162991619625,N
0.24773098950115746,49.8195716453139,1,A,46.048276758766264,Y
0.3559726786512616,55.53635509376312,0,B,60.18714163157293,N
0.7578461104643691,71.92017782722638,0,A,45.469317507652036,Y
0.014393488629755868,22.845474133129873,0,D,45.05828320479363,Y
0.11607264050691624,99.63339160567419,0,D,60.97806056432444,N
0.04600264202175275,97.4793162146783,1,C,55.02587043626176,Y
0.040728802318970136,65.03256863469369,0,D,54.74233935774167,N
0.8554605840110072,19.954245092914512,1,B,57.03901384712789,Y
0.7036578593800237,68.02282424312914,1,C,26.966418151893414,N
0.4741738290873252,7.219840897917584,1,D,61.35183019980473,Y
0.09783416065100148,3.0652502205806065,0,B,59.187031910204034,Y
0.49161587511683236,25.76828885112137,1,D,34.74975307135254,N
0.4734717707805657,46.26229567393163,1,D,46.33879289488698,N
0.17320186991001518,86.82725054083805,1,A,49.41039068558553,N
0.43385164923797304,72.7169069766308,0,D,47.98254823397401,N
0.39850473439737344,74.2706521199981,0,D,55.00789949852802,Y
0.6158500980522165,42.54933344480754,1,B,71.47050172746775,N
0.6350936508676438,34.59349925469629,0,B,66.22650091509243,N
0.04530400977204452,37.10387629846027,1,A,30.316712098528907,Y
0.3746126146264712,98.76495637360578,1,D,59.33104985459073,N
0.6258599157142364,4.010919141248248,0,A,69.93399979303115,N
0.5031362585800877,86.70314961224486,1,D,55.80212781033804,Y
0.8564898411883223,57.86754085723934,0,C,66.3647063777895,N
0.658693631618945,43.86154191895905,0,C,80.18405668551148,N
0.1629344270814297,72.52576604151365,1,A,65.35564319160471,N
0.07056874740042984,48.666894142470284,0,A,53.739628934625934,N
0.6424192782063156,87.34232380816606,0,A,65.6763271112713,N
0.026511310541621813,90.07018640112585,1,B,52.173317496453365,N
0.5857755812734633,42.17209268734554,1,B,50.35854564927433,Y
0.9402302414249576,27.682779723505156,0,B,44.72878646429401,N
0.575474177875879,59.23503285933622,0,A,73.45120038248163,Y
0.3881699262065219,91.2363345616691,1,D,37.72357001086998,Y
0.6432882184423532,21.066218900566657,0,C,72.98551587017174,Y
0.45825289049151663,62.296658356348274,0,A,57.49796185610557,Y
0.5456167893159349,63.156022009252055,0,B,29.01040737797088,N
0.9414648087765252,73.3113022415281,0,B,55.51473939487133,N
0.38610263780077425,13.15676851272598,0,A,18.49960238522564,N
0.9611905638239142,71.58249646820886,0,A,59.382620252465536,Y
0.9053506419560637,90.9032520665641,0,B,63.278472244834866,N
0.19579113478929644,17.968310887024195,1,D,41.1146606652192,N
0.06936130087516545,23.754332492387764,1,B,51.85321543933374,N
0.10077800137742665,97.13950940416396,1,B,79.31236150625429,Y
0.018221825651549728,18.097695270948975,1,A,42.41379943607095,Y
0.0944429607559284,85.4385093369579,1,D,34.11638619415099,N
0.6830067734163568,49.227785644803475,0,B,72.22495103693899,Y
0.07118864846022899,24.723107440317705,0,B,79.43880785796192,Y
0.3189756302937613,87.07499012725114,0,C,50.05543507771771,N
0.8448753109694546,44.53052550026655,0,A,65.17194553112535,Y
0.023271935735825866,51.48173539296902,1,C,70.12213873296321,Y
0.8144684825889358,35.92333693997657,0,C,38.86273651192424,N
0.28185477477339993,59.29508514349274,0,B,42.72041246948198,Y
0.11816482762165625,16.352387258502276,1,A,68.46311769732102,Y
0.6967371653641506,39.10815366517607,0,D,75.27521418062764,Y
0.628942846779884,96.94123223352875,0,B,58.44321290261532,Y
0.877472013527053,25.813343270112753,1,D,36.802784697469185,Y
0.7350710438038858,65.67366645412922,0,D,79.80591667549162,Y
0.8034809303848486,32.51900642246949,0,A,42.03543653282053,Y
0.2820345725713065,77.34731256866006,0,C,44.97293328242822,Y
0.17743954377972282,13.087366071834982,0,A,55.135067517344325,N
0.7506147516408583,96.98210450785447,0,D,73.31240631072161,N
0.806834739267264,45.37895413836392,1,B,62.80963964828335,N
0.9905051420006733,23.605046334646396,1,D,56.222982505428654,N
0.4126176769114265,7.349674733001265,1,B,56.94932795177159,Y
0.37201808579278317,16.975790508754073,1,B,50.65272002965199,N
0.7764129607419968,51.977394855601766,1,A,58.37209271777759,N
0.34080354025301784,33.70031764312863,1,D,12.056598834585458,Y
0.9307573256035647,82.88833658826094,0,C,45.55088811395302,Y
0.8584127518430118,43.08875236618059,1,D,53.61982902375171,Y
0.42899402737501835,24.871427258762992,1,D,32.73478874570739,Y
0.7508710677914974,61.714498660403,0,C,55.7948497671734,Y
0.7545428740846823,70.67772168854458,0,A,46.932931685208175,N
0.10312386883593261,16.704190790094987,1,D,76.33213547473235,Y
0.9025529066795667,16.761921628831765,0,D,73.59529587822284,N
0.5052523724478571,3.667142693354297,1,B,43.012916463227555,N
0.8264574661077416,73.64020150656405,0,D,47.73743432649957,Y
0.32004960103061175,66.38045276218051,1,C,48.89078651587411,N
0.8955232284962005,47.46308757498139,0,B,43.22510785760566,N
0.3892016787341631,84.41704489691972,0,A,52.9253747604219,Y
0.01083765148029836,80.56701529500532,1,B,38.625768966686145,N
0.9053819764192637,58.535436439675216,1,C,33.04076997593711,N
0.09128667678613356,86.82712805132586,1,C,59.34066835850403,N
0.31931363759041487,20.584121003676824,1,B,59.442943763327165,Y
0.9500619670508049,11.191961939772789,1,A,37.93526360510012,Y
0.9506071469375561,26.974961151698963,0,B,63.430331461438996,Y
0.5734378881232861,5.708685608931486,1,A,40.52633406252003,N
0.6318372121697993,53.1169528001032,1,B,53.797478570569716,Y
0.44844552197831977,93.66056922949615,0,C,62.30516018918684,N
0.29321077169806453,3.9343540668509647,0,D,49.4958115294443,Y
0.32866454536991596,12.21099140100268,1,D,56.821113682117016,N
0.6725184560770384,45.21990282834353,0,A,42.25355534168642,Y
0.75237452943768,93.38750175279048,0,A,47.05300124857854,Y
0.7915790437258485,31.61561049767505,1,A,46.9121085367949,N
0.7896181427945539,50.723480868839246,0,C,38.80132480189641,Y
0.09120610304869037,4.15728590503921,0,B,47.348387553263265,N
0.49442030470258147,14.834320096208886,1,C,26.7707255170438,Y
0.057558760016644284,98.66301229588468,1,D,42.63269379286843,Y
0.5495288823237355,96.51186964360456,0,A,45.726867599454934,N
0.441530501373377,0.49399809344096157,0,B,46.1573037125693,N
0.8877041827582998,95.18117854232389,1,D,46.377538311938316,N
0.3509150125520787,63.91199378155004,0,D,49.073537002098064,Y
0.11706701642760586,86.79182945200222,0,D,57.19162277129096,N
0.14299168205283586,45.47398556338591,0,C,63.11775611198784,Y
0.7615106317174722,51.55960285792502,1,A,40.25352159727599,N
0.6182180633162611,48.88465802569202,0,D,31.951987169162834,N
0.10112267612279024,66.68642575461044,0,A,34.36933381635345,N
0.08410680611499743,13.96512547563129,1,C,42.69195618207609,N
0.70096913145912,2.9973589872677953,0,D,44.72118023275236,N
0.07276300636419353,30.79299415911909,0,C,38.45005900703814,N
0.8218600592903562,70.46807627366466,1,C,30.558250036251582,Y
0.7062422271564962,20.185345212294838,1,A,43.15818758788718,N
0.08134878064189976,67.34324333249174,1,D,52.72139930170957,Y
0.08483771408519192,96.99120461072704,1,C,58.925441987533475,N
0.9866395785011755,9.39007157894184,0,D,41.63865420337518,N
0.3742707957561203,67.26021182251263,0,A,43.80503266784849,N
0.3706421470668909,44.375021930457116,1,C,36.09952536729034,Y
0.8127995672575026,86.81422543775054,1,A,49.528412444378354,Y
0.9472485773838587,17.71497894473859,0,D,37.27357048713778,N
0.9860010638228709,69.26259522261645,1,D,58.596917198618,Y
0.7533781852589416,83.81152896481102,0,A,23.212002620988333,N
0.37625958553091576,94.46142194740233,1,B,44.60555491321306,N
0.08350071669866876,68.32480282896458,0,C,54.51661008787613,Y
0.7771469159274368,49.71747640084273,1,D,52.757517744837564,Y
0.558404249735805,61.78472402012139,1,D,90.39550495970745,Y
0.4242220092469763,86.89049844787182,0,C,55.24700036851861,Y
0.906354385094736,57.060974663882966,1,A,34.93918104736984,N
0.11119748230615134,3.038705969683686,0,A,48.5680362936639,Y
0.49262510429085915,93.09486955069778,0,A,23.356304998003225,Y
0.011353644767419069,68.95267510315611,0,B,48.791003760548584,N
0.46866064199412627,67.65133857772466,0,B,37.50415914498862,Y
0.05630327568183735,21.567515239771716,0,D,63.730854133402424,Y
0.11881791626807192,65.88854702326572,1,A,41.756895881066974,Y
0.11752624677710488,39.386440565415846,1,C,48.2485112630713,Y
0.6492103021160636,65.12329770414921,0,D,40.46663237893395,N
0.7460448792654233,10.659303030799073,1,C,76.08277027779997,N
0.5833687650971596,65.7845304603036,0,D,45.18135850823133,Y
0.9621725484745419,99.94137257706666,1,B,77.48835565218803,Y
0.37487057952370406,4.821203886055603,1,D,62.212276431774,N
0.28571208628186073,97.71741842213173,1,B,57.231000910030794,Y
0.8685991281894603,40.690796072287064,1,D,55.530997209762795,Y
0.22359583851945264,87.07534503372591,0,A,55.906959473243774,Y
0.9632225394406113,78.23854840582734,0,C,21.08491130981585,Y
0.012154474689816341,56.70162609866678,1,A,45.81674908773865,Y
0.969878826707639,73.84492092513266,1,D,62.67736956776483,Y
0.04315991195057611,87.8515561301348,0,D,49.26654224788842,Y
0.8911431136980711,40.4140321651033,1,D,28.922152297946376,Y
0.5277011090862999,32.70331615632387,0,B,49.213933241337955,Y
0.9929647961193003,66.75933855635847,0,C,75.56158274383236,N
0.07379656473539886,80.78459419412586,0,C,68.70337573302079,N
0.5538542844013208,76.22851347766158,1,D,49.069939859509525,N
0.969302535619099,79.78136488586345,0,D,64.2717391558713,Y
0.5230978441701488,43.5583314812933,1,B,44.50239469447922,Y
0.6293986381352625,81.78342161750216,0,A,24.441926197599216,N
0.6957486889846172,12.020905537060845,1,A,36.133010178056686,Y
0.45454106476777323,54.448909796084955,1,C,73.44333152762297,N
0.6275580800840634,0.575866049812157,1,B,45.89010377256044,Y
0.5843143119231002,32.45858299002703,0,D,46.34924030937473,N
0.901158010490989,36.646153487139784,0,C,45.502427055876794,N
0.04544638034145787,39.61726916092554,1,B,78.56204884359511,N
0.2809631895922303,69.54672066898621,1,A,74.38938373043095,Y
0.9504114840765587,38.85581012703457,1,B,83.281703501722,N
0.8902637838909163,44.86936226225306,0,A,47.61432184399923,Y
0.45565675278571294,23.754413087432745,0,B,54.434367331206424,Y
0.6201325978015367,37.325179162934006,0,C,27.250361758688133,Y
0.2773811829811327,22.726962726315147,0,A,72.15401639177412,Y
0.1881211597237613,7.319592376844364,1,C,32.48330673098097,Y
0.46369840493998216,60.34485933813779,1,C,53.251633456439436,Y
0.3533522280260528,66.82127985550163,0,A,33.54046208550734,Y
0.5836561118508721,61.94903460096145,0,A,41.16699759891956,N
0.07773463696498484,46.34940438005724,1,D,37.441063534254496,N
0.9743948076661665,37.978578017922985,0,D,40.881871089862734,N
0.9862107444796029,86.33336495718252,0,D,41.91315945276532,Y
0.6981617140197451,51.908178513621806,0,C,41.775968076123846,Y
0.5360963663441204,47.9181877629731,0,C,62.50000867670461,Y
0.30952761628632774,2.5642065806435688,0,D,33.4270581040622,Y
0.8137950197069487,34.12478276261564,0,C,53.308121405208006,N
0.6847311725538793,38.019561878585705,1,C,68.26938728458337,Y
0.1626169393448913,39.88227808969005,0,A,42.30205453229906,N
0.9109271844938425,58.017236922733225,0,A,39.23121663878597,Y
0.822537242923169,53.360254672687844,1,C,46.542130622296234,N
0.949799913291924,60.79050927934446,1,D,67.69587812541064,Y
0.72571950838836,76.48832615421283,1,B,52.911614464300364,N
0.6134151959357899,81.29857387160935,0,D,42.03178558088602,Y
0.4182430362906189,71.81230762264944,1,B,57.2581497678206,N
0.9327284833540133,95.55236959549347,0,D,33.46561775245365,Y
0.8660638895004084,1.823258267636163,0,A,60.22039265664422,N
0.04521867010618941,19.57779856835461,0,C,56.12910961552652,N
0.026366974497252005,0.756287497814212,1,C,45.38287293291674,Y
0.3764633668780496,64.7474714154603,1,A,37.421213023291536,N
0.8105533307818329,89.8030548949987,1,B,36.69978616574814,Y
0.9872761293149445,24.34822965762993,1,B,58.02226004518865,Y
0.15041689110352818,92.70345447963066,1,B,68.43470753733592,Y
0.5941307153521351,6.026739028956085,0,A,40.44038379456808,N
0.3808908566310215,93.44360268055144,0,B,56.87580055327226,N
0.9699143978146032,35.16226872396344,0,A,18.69459472096897,Y
0.8421189231357087,10.142082844921651,0,D,41.23073404014201,Y
0.8383287047111379,48.58717591863256,1,D,49.53411600693647,N
0.4686931597949703,25.677656772050796,1,A,36.354748745272495,N
0.4148195023376652,28.487290196192284,0,C,35.95240437815606,N
0.27340707193070624,30.728996492628657,1,D,39.983306652966704,Y
0.056375496650927115,80.30258978326634,1,B,54.3828909248956,Y
0.8647223762550532,53.91612766752545,0,A,47.19006472390438,Y
0.8129010091300776,31.130769915600364,0,B,16.42653150012542,Y
0.9997176732861306,61.03337833109184,1,B,18.189497710474008,Y
0.9966368370739054,71.61506742231936,1,C,40.89702233214237,N
0.5554317056026274,27.262400073353376,0,B,56.86529879080328,Y
0.7689874151805105,41.354910152535155,0,C,8.78742735912148,N
0.944765729882428,12.188609333694755,0,D,42.50404735772554,N
0.8496473906774115,18.11493495346803,1,A,42.106282152238684,Y
0.24734810174319766,68.11178539649828,0,B,70.82506667312671,N
0.4505441353100935,18.143834769562694,0,A,44.22467282430705,Y
0.12915941515149498,52.516338366706016,1,B,55.74483477111393,N
0.9540510272587224,70.90462617224327,1,A,52.118857101311946,Y
0.60617463445088,10.687692309474384,1,B,18.04150280289199,Y
0.22864280550346272,56.73122196289035,1,B,61.52310824947606,N
0.6717006844058567,25.656278370136377,1,B,53.23094758184432,Y
0.6181282404578958,96.29268752375798,0,B,57.62402959511884,N
0.3581627180328405,48.35456467199247,0,B,108.8935655965449,Y
0.11355759219962902,80.59925497751581,1,B,18.738305907521173,Y
0.6715731955927996,55.022654215626176,1,B,75.87044974641663,Y
0.5203077009037933,4.341253285481916,1,B,45.688287208994666,N
0.7723183917356393,63.31513755940223,1,B,54.30993356604514,N
0.5201635011119934,95.14033422066571,1,A,49.31731632048137,Y
0.8521815003185401,60.16118201463312,0,C,43.63645499902935,N
0.5519068387744855,81.91888594267903,0,B,41.452506076418615,Y
0.5609379715353863,88.42064633484078,0,C,54.942631033595134,N
0.876653602658345,22.807977194893247,0,B,27.242394549924814,N
0.40348286621239704,21.204483990822666,1,B,61.258687512826484,Y
0.13401522845064073,61.09809888509917,0,A,43.757083926721194,Y
0.028782676313338973,41.10284698067047,1,D,33.04895991439463,Y
0.755137255673619,83.98613028667204,1,D,43.24980713006279,Y
0.6203095513534647,90.00231233980112,1,A,68.8572382529386,Y
0.7040797680992236,35.34213793027181,0,C,41.96997369475665,N
0.21296416150891073,23.687055897448207,1,D,55.3768042731443,N
0.13637147558676976,78.05255152438619,0,A,39.0356558642679,Y
0.014544665667881929,27.48060355481361,0,A,61.368827748854294,Y
0.350587558806597,82.26143185136785,1,D,60.282616081853064,Y
0.5899176868546331,42.37382536487628,1,C,77.72913249944617,N
0.3922440450997323,66.75498992914704,1,A,47.36654081751177,Y
0.43747492202372906,9.553531383466819,0,B,60.0298220713686,Y
0.9041586944937484,62.3859324676573,1,C,51.47101309308417,N
0.34825546702330035,45.17676787372291,0,C,69.43807672794522,N
0.5139894891598108,58.66084631754741,1,D,39.21751418586904,N
0.7836530127411431,16.801420774486342,1,D,61.17507969315922,N
0.39654278232127016,73.68737449441821,0,B,47.079540558249775,Y
0.6220867002278735,86.27970775432286,0,A,49.037177343372534,N
0.8623637087467452,21.673980009077564,0,D,51.37628726672559,N
0.9495206236576421,9.571455552016172,0,D,53.78360594640016,Y
0.14707348092903794,2.3638586046336396,0,C,48.256564353170624,Y
0.9265876251614944,64.1971500443266,0,D,53.22069774755789,Y
0.4921162930795382,60.70940360887808,1,D,73.67177086343277,N
0.25824438829895835,54.669741271407005,1,D,64.78174528422828,Y
0.4591357562382613,23.194709611597542,0,D,63.03731888745345,N
0.980032575285477,39.09059959055147,1,C,43.16690710964194,N
0.4926180939928696,59.4476335186173,0,B,36.66138757657514,N
0.3287516102875082,49.67668588591694,1,B,64.3295083735663,Y
0.6334008543167258,98.77855202148874,1,A,63.14070188794692,N
0.24014561877819307,13.643975255673313,0,D,72.09006013626473,Y
0.07586332810866392,69.51445540475937,0,C,40.94029061046156,Y
0.12887972191064923,40.431876810429216,0,A,46.55677016959479,Y
0.12804583895777244,42.819961492561475,1,A,25.407737562118488,N
0.15190269351229435,71.75977656581762,0,B,44.11293340908691,N
0.13882717264941014,69.24361513243696,1,C,64.94855765869171,N
0.6408747448032146,99.12559937021884,0,C,43.002569311577034,Y
0.18188008439914483,12.839428945412523,1,C,59.60719692801236,N
0.3456672833238632,10.410964938416633,1,B,47.14245341003283,N
0.8967884099060118,72.43388171287411,0,B,54.86085542332341,N
0.47396164026287235,57.83869170064091,1,B,32.78462915276499,N
0.6675577385210272,27.416066655980586,1,B,51.27814174450852,N
0.17231987120162984,7.9419368988986605,0,B,5.1329604364891495,Y
0.19228901880867078,8.565824959643054,1,D,47.19655762757023,Y
0.04086861626647886,89.41908746641182,0,D,25.5429013442729,Y
0.16893506307216455,19.18673247187429,0,C,68.08991774820224,Y
0.2785903390319586,32.33715621155208,0,A,61.661110291467665,N
0.17701048427674682,22.6656402226988,0,C,57.000064729491214,Y
0.08870253375705561,35.49963058319373,1,A,72.8150934073907,N
0.12063587110060081,6.942384274609337,1,B,35.766252187627444,Y
0.46077876803272577,51.90597909082704,1,A,76.21044796873338,Y
0.2063337184057925,6.76125635922149,0,C,63.98287346390577,Y
0.36426986104807546,80.03565078223616,1,C,46.45167069171581,N
0.5034172708548569,23.3712081910433,1,A,67.03430220774416,N
0.6903948286293653,54.00119146045106,0,D,33.40559731382549,Y
0.039312139841098936,88.00790875614582,0,B,37.632287577084895,N
0.7994103989090426,65.08773690471942,1,B,40.8711541514045,Y
0.6279003894909078,53.29577865513353,0,C,42.06533437903977,Y
0.08175903194887191,32.43337531153756,0,D,34.15163535859621,Y
0.8735786241067772,33.300191305819794,0,A,68.34624600642988,N
0.9208724005318132,66.94869551981901,0,B,46.117183994452525,Y
0.06107795985486375,99.41393612211675,1,D,55.28757452535319,Y
0.2768776481472037,66.18391898493786,0,B,41.44472950379479,Y
0.8062012797930613,55.77834173700249,0,D,22.69095049177224,N
0.7482596903836584,73.06505102392461,0,D,54.05086037587133,Y
0.18452101935637732,46.52056122837182,0,C,21.316175368703348,N
0.2093493233367103,6.0142342600785215,0,B,48.97048930871797,Y
0.370472102791382,56.22968158779098,0,A,29.475274417507844,N
0.4845229851910213,95.76252845053801,0,C,79.80913998846212,Y
0.618254771530296,17.530294235765965,0,C,63.67044083262083,Y
0.3689136395697724,69.00048908206658,1,A,51.5863068690722,N
0.4625347161331479,20.093368865905646,0,C,68.95560016482003,N
0.7474709381337565,53.582768447308126,1,D,37.305260338013966,Y
0.0366832028905979,9.667644964671961,0,D,58.1521906800514,N
0.25243694434402075,45.037093625818514,0,B,52.9971565057807,Y
0.7133495858845524,75.61633288952461,0,B,53.96030122000505,Y
0.8952068376871993,34.757152423898205,0,A,69.08530250160152,Y
0.5116774421156661,66.4911724487218,1,B,60.98738154169703,N
0.5321134852653157,79.54499607897291,0,D,54.330854942375346,Y
0.10717201133977605,92.71778194794527,0,A,25.176688456575558,N
0.44741236682345464,23.464208185545353,1,A,35.59930557080804,Y
0.5326172664550232,39.931591580930814,1,B,48.15936599606414,N
0.24247050363472966,15.241601333041743,0,D,51.40058561414977,N
0.26924323094938096,99.24835021583752,1,A,33.046944129891145,Y
0.37728416310462265,92.70009679242953,1,D,86.17515013367631,N
0.02007119777772637,53.99571302805596,1,D,72.74591082880359,Y
0.3220791655831783,84.20332943764213,0,D,59.03177480588725,Y
0.21144800699654465,52.09579772720422,0,B,51.08055291925617,Y
0.32749735217791465,62.35856880027597,0,C,46.81686545148273,Y
0.11976213181925122,8.912443211601662,1,C,35.72122309966647,Y
0.890527280739895,75.52704204968079,0,A,51.16220777778294,N
0.5935924535540487,12.771348363523483,1,D,53.86628810214126,Y
0.6791023191444896,82.60676302525283,0,B,31.373591367775635,N
0.7891712386073383,78.20280876703859,0,D,55.01264625867346,N
0.4984421989290573,70.87446977429764,1,D,47.67111426762877,Y
0.08692028808742369,3.6160380524762115,0,B,21.382886631839135,N
0.5371065418185478,30.31283559453286,1,C,37.09422483830747,Y
0.5868411180208791,26.311256991084285,1,D,43.79591699867534,N
0.74543947418433,36.01364074715191,0,D,78.31531486010286,N
0.4316595462296794,8.764274676383854,1,C,58.34829686800637,N
0.12758030279556376,93.69578230310628,0,B,29.96777646350163,Y
0.28377590579872447,55.38022407123763,0,A,57.29054434126456,N
0.3630822963986351,30.552431065802356,1,C,26.79044016592452,Y
0.6459172413316012,39.698151707428345,0,A,66.2403658083061,N
0.5707783046689119,44.72025405048357,1,A,42.93313022273182,N
0.35609672589784624,60.05943333606173,0,C,48.59545716891244,N
0.9865152487929797,51.567942769649775,0,D,69.88694971313285,N
0.6057748193568872,91.93919732144174,0,A,30.692546471236252,Y
0.23722679173599448,49.696348290583025,0,A,29.04322722330513,Y
0.10178247262040374,99.21580148233127,0,B,41.246010104809926,N
0.15285913918433203,85.14249577450957,1,D,65.57568276528974,N
0.24595772838450813,20.85105143573358,1,A,27.209808867847364,Y
0.16068137325955567,93.05952146439162,1,B,7.517666028341466,Y
0.18656702405130576,11.636639788547608,1,D,43.23261712386502,Y
0.2850951686938471,81.74497084911916,1,C,58.27611199866381,Y
0.17337359529475482,38.06232934765801,1,C,68.00392624608244,N
0.8967654246264252,87.79743204450695,0,B,43.05257956871902,N
0.08023374566164221,86.80566901074504,0,C,43.82860089325996,Y
0.5245113895702547,80.59254001176211,1,A,67.30851101383621,Y
0.4103968269896615,79.00304363070614,1,D,21.95387450456869,Y
0.9823786169086064,30.46791390980408,0,A,44.17218837225486,Y
0.11203890216805235,8.091928305125219,0,A,52.856358348875865,Y
0.39785559904574164,40.29801787651615,0,C,56.738280819275516,Y
0.9694704332753689,17.35245149865087,1,A,42.35289960213676,N
0.8655071258939803,69.49510889024617,1,C,50.51661517558762,N
0.8170720709492799,34.609972653778556,1,D,12.67508969880516,N
0.25790282704493983,97.56102008599149,0,D,40.126273814992274,Y
0.17088758739006582,64.0972077345332,0,A,56.80263068831701,Y
0.668643219924431,82.24805636343609,1,B,35.265589486179806,Y
0.9293759891275858,13.252467274184843,1,C,50.88476332384396,N
0.5567628930139298,86.20144822726226,0,C,56.70308751204047,Y
0.5716126894698998,92.27571905133944,0,A,44.86176198713353,Y
0.2799790936602842,48.70619188189359,0,C,52.556956564948564,N
0.7694929331919369,60.625293775097745,0,C,35.55901152073082,Y
0.18704374855752337,76.48098009029954,1,B,46.9008308045593,N
0.3236792364042437,17.483862726041256,0,B,59.15324254383834,N
0.4254364386164168,50.25660764634424,0,A,52.35459441452652,Y
0.507610378684455,39.86630277723131,0,B,41.202030956540966,N
0.24240973241508024,14.63739921622491,1,A,53.363246064361896,Y
0.11483682473920354,36.753442229153144,1,D,60.71914685954927,N
0.6106200424416326,6.817230938549357,0,A,19.25088082133783,Y
0.28863055324025577,2.5811906949486985,0,D,67.38611097433846,N
0.5812382214226123,13.516628915482276,0,A,44.95617891978392,Y
0.1543627152742023,96.31151115891738,1,C,56.382348998603455,N
0.4811401018548175,54.952953589501696,1,B,67.95870385467842,N
0.5325894325515859,96.582216115322,1,D,29.42489454154301,N
0.05182353682242691,43.2497878330132,0,A,39.3583849635868,Y
0.3366042781939206,31.181613308525957,1,B,45.67176956186443,Y
0.13441467693897424,50.61418628402441,0,A,38.24369718313358,N
0.06337497047276774,43.95116886329101,0,B,76.02404863755213,Y
0.9899602323899452,10.566468426174392,0,B,37.148418592598105,N
0.32235384497472297,64.08263146902063,1,A,41.666798307697,Y
0.8098744458546349,21.60381825095996,0,D,53.065835474044654,N
0.25464065476376385,61.95879548978296,1,D,31.967757108858667,Y
0.6815027222239293,65.02010923981534,1,C,44.06478932365604,N
0.7602278598896866,15.20248531286481,0,B,54.761798918752625,N
0.5956387406078443,6.134962711066816,0,C,45.00709393426233,N
0.47157618855015837,78.07615860684398,1,C,48.599197116500775,N
0.41184091414726853,45.98004237693202,0,A,42.06001831327444,Y
0.3488682665429953,5.816379550547579,1,A,27.282945362288494,N
0.9295291442478258,99.48663171697672,0,A,54.823898170088576,Y
0.8306194077877291,5.778056099636664,1,B,76.32399607470862,Y
0.9650269106665126,69.50352288585532,1,A,50.276024461751575,N
0.12429722348554473,98.36789252634136,1,A,53.378961758713245,Y
0.7308674752036443,23.918010421592562,1,B,60.39084132675289,Y
0.9383404568210378,14.224936868719617,0,B,30.960042551799514,Y
0.18123306616566015,12.138493942242889,0,D,75.53771987194409,N
0.0664962673667775,30.327514756759555,1,A,53.03493194634203,Y
0.741120649290059,10.10458110106467,1,A,74.47785348633664,Y
0.5744731131799119,69.2161341694132,0,A,39.00450506714016,N
0.8418287767582721,6.229179813006269,0,D,77.27092883836737,N
0.1397723766262895,50.94221281497897,0,A,61.627332410521745,Y
0.7952673118598902,99.66968538529768,0,D,58.295601287785374,N
0.20162732004774453,81.39702695060188,0,C,53.51036681529722,Y
0.1636559428657045,61.52194382310109,0,D,46.27207072888326,Y
0.16426579793099294,30.625362078661166,1,C,68.0079748771081,Y
0.8145747202313821,62.389583629163845,0,A,52.105398047720705,N
0.6651972206962001,52.70414639116516,0,C,20.493954446192717,Y
0.5230654247691193,42.60833838903715,1,D,33.242203074394965,N
0.3588304841235025,13.071037674019948,0,B,47.21231371710879,N
0.8772005408131083,88.66042152404667,0,C,54.64998474748332,Y
0.3924451074226354,44.97846488213225,0,C,49.151172666501566,N
0.8165994394715771,19.462251182076507,0,A,68.28456184690495,N
0.4391349085702184,36.77593508772896,0,D,20.733472039420626,N
0.3769444294249076,41.4129752528927,1,C,52.1538190475774,N
0.46267978566960644,82.75378955668742,0,C,22.73031161919268,N
0.3013778741641421,73.3614380561402,1,C,61.39568443226253,Y
0.7476093801762511,76.93048936413398,1,C,48.58311928336996,N
0.5027203900924792,1.1031264428647214,0,B,56.294149580361776,Y
0.2322126951468173,41.615399817976154,1,D,37.04175559115351,Y
0.8995745732745685,48.13441516353236,0,A,69.19197397486627,Y
0.3838912213732114,1.9192276823056686,1,A,65.62586996088277,Y
0.5435528611139886,25.98132087450342,1,B,58.753164545178315,Y
0.9064721109645469,76.0289823122135,0,D,48.057241297048385,Y
0.6242379959139921,13.710970572899905,0,C,58.69785927942698,N
0.11689804070836407,53.531013145259166,0,B,39.39661148018977,N
0.9398321236134751,21.52018720172375,0,D,62.83333488531068,N
0.6277080530714179,1.2120774643893273,0,C,74.74221341485881,Y
0.3349056146570861,24.12014575995415,1,B,66.05915839968779,N
0.13927207266338726,97.58737549100537,1,D,39.055962952888855,N
0.794025189270296,80.15371118829896,1,A,55.42125975909654,N
0.6200727559285135,95.95766443210334,1,A,30.602876843620283,Y
0.5334610919763215,48.785404392636245,1,D,58.58585466763513,N
0.8938925830509576,10.973619867750351,1,A,56.75905119293808,Y
0.7885972112245307,54.79594889736929,1,D,21.95275490701754,N
0.15167487973275118,45.43773345599609,0,C,32.57324234131454,Y
0.31172206779554823,84.4357082739616,0,D,45.752916548843494,Y
0.24848913981446574,9.808258078424458,1,C,45.48710379288761,Y
0.743946292572677,48.82411370217782,1,B,31.85784596871792,N
0.03353243473577938,15.004866469398426,0,D,55.83468094028276,N
0.5698896848713165,32.467592689006,0,B,53.77210413410768,Y
0.7624586857406905,73.73570773877996,0,A,47.08596302032221,N
0.8767656367617495,47.601812936876655,0,C,38.66312749762456,Y
0.34208174871590746,37.58882851457693,1,D,65.73060689624845,Y
0.8212573046720129,39.44762785700353,0,B,74.83110669632443,N
0.11063173695520723,45.94467684059866,1,C,42.746577742301945,N
0.8464522917345182,78.50165438370568,1,C,40.81749624267769,N
0.12748866233198242,89.20846889402344,1,A,57.36811498117994,Y
0.39728729056036727,95.53346865039283,0,A,44.629559303795205,Y
0.7972953657795536,78.6903386255295,0,C,47.909041990051485,N
0.14991742734877378,31.540689574801274,1,C,61.09479727587007,Y
0.22925139523264149,68.81347060865421,1,D,21.359658687390606,N
0.7222525683930663,43.760312405539196,1,C,69.77453487279004,Y
0.7200365365460744,25.467062204605117,0,D,51.09020786494012,N
0.6411476328852973,84.08715794259226,1,C,43.8276028315673,N
0.6939484444671,3.8426348962324997,0,A,48.661487686678264,Y
0.5427244433475962,90.17619921354235,1,D,49.43644032530778,N
0.25179905890695276,46.147746462473414,1,B,24.03198044832612,N
0.34569599350391944,63.72014768082804,1,A,72.42407341179853,Y
0.18159771680142567,65.93539222057827,0,D,50.61988448405928,N
0.9084505613336283,89.51177407065364,0,D,56.645031956710625,Y
0.5833917947661205,63.66696821672073,1,B,64.27324655861064,N
0.4008514167636399,61.39335847600618,0,D,34.6825631365955,Y
0.4620058036441327,6.665204056068996,1,C,57.10207848552842,N
0.9472833396118153,51.84080219452041,0,B,45.985383636518094,N
0.1533514031160802,15.016900081704165,0,A,62.701561628247404,N
0.5862298320167972,73.74337687214856,0,A,18.09158869472757,N
0.505888678884466,51.22219208126745,1,C,48.51358549638096,Y
0.6114542354346478,68.02277792083532,0,A,40.95769016324058,Y
0.01811018382084051,4.167290060238427,0,D,56.483944259512334,Y
0.8721239089441515,8.479201604580322,1,D,57.05066281052303,Y
0.9321182824836124,71.63233880626822,1,C,39.38561157766961,Y
0.5651331835892089,7.208433599867337,1,A,39.31739203735935,Y
0.6966508238768923,7.12567277652586,1,A,48.34001947164006,Y
0.9224993811772957,1.210847523488745,0,C,36.55036659027188,N
0.7072386343133986,95.65013982994802,0,B,62.6297554317819,N
0.15253904291426135,73.75083594590069,0,A,44.461891993288305,N
0.5762883601668132,35.32514085020642,0,B,6.395176710175377,N
0.6067150463828559,29.65355812876552,0,A,44.37766915067291,Y
0.424130671302386,34.97032297458495,1,A,34.421842687340416,Y
0.7364442356247228,77.46535311811819,0,A,25.530862768085818,Y
0.9343670147690148,66.13706110704143,0,A,31.438600426661413,N
0.9255685129067763,18.519556786746794,0,D,51.64112707749455,Y
0.4508393714041321,17.410933533408436,1,B,69.92961242372347,N
0.11323804584075525,9.839564971339732,1,B,54.6977671079747,Y
0.9848411989623346,66.03027197013381,0,A,40.90244917676391,Y
0.8388980864459341,76.43726622217359,1,A,56.83856292756054,Y
0.12466268120326685,26.5046428325004,1,B,43.113645346715124,Y
0.9208418826173723,2.094496103091281,1,D,39.58099446255283,N
0.8698963620621283,8.217166747642734,1,C,32.684559976505234,N
0.5188380571260721,96.78600348450304,1,C,23.72256789872421,Y
0.5912754357449292,29.544477747742025,1,B,44.15114440160832,N
0.39900270387013026,76.92231478381336,1,A,52.37080234880198,Y
0.05476163882203133,62.46635688542638,0,A,48.550644949776654,Y
0.3351972416459009,38.19396396528959,0,D,43.76049608078962,Y
0.8028534485980114,20.56872621955551,1,C,35.813809089548286,Y
0.004632023004602859,12.138641815940643,0,D,59.12369287527453,N
0.3334991716911442,61.50129680388666,0,C,30.243021200801227,Y
0.3981686935909433,77.4633780637788,1,B,61.64041870765213,Y
0.5373956029379229,64.39042535411306,0,C,34.96674471609913,N
0.9198556164127605,53.030213324915835,1,D,38.71347143970448,Y
0.34634599436596125,4.195122343163627,1,D,27.998222140764845,N
0.3469532018962277,96.84887775943838,1,D,42.47896779671545,Y
0.7375012481097484,79.87141916545745,0,B,64.62968687716969,Y
0.45221794088980716,29.282203670096475,0,C,57.734421326659344,Y
0.22460482293998196,97.99703293588506,0,C,64.67633168042053,Y
0.4524395161326934,60.18815896363221,0,D,57.83213818900904,Y
0.14085702037979986,58.24226582072465,1,C,33.44495257204446,Y
0.1763869865062233,74.8073179429532,1,A,45.03816163508664,N
0.49836777273947974,81.17697880901376,0,A,38.29701306323806,Y
0.4189254495045479,65.64786073315027,1,A,69.95862356058561,N
0.9148459010681,12.809574636620003,1,C,32.04817030360533,N
0.3623938991166331,33.82675059944984,0,B,63.40546534083666,Y
0.5805883502780435,92.80836403260497,1,B,63.39430805163154,N
0.6322642879195304,22.461561184385193,0,B,77.4443030257413,Y
0.013094456588333636,37.21670238375133,1,B,43.85470111055754,N
0.6635373720167106,43.2076882944196,0,A,60.68483239370243,Y
0.17803596686975143,43.940498969445215,1,A,84.22477754808264,N
0.9610703174694551,61.29395824945255,1,D,40.73537484599455,N
0.14866272775311296,94.30758377447076,0,C,26.974396287014606,Y
0.41462412372702373,24.069271183250496,0,C,21.799849491383544,N
0.08534966807864386,12.150137630091805,0,B,60.69068043291997,Y
0.9968742518459474,19.747048985993732,0,A,21.752746879121243,Y
0.5021950103312426,88.69249002092695,1,B,44.41521420593116,Y
0.5953850173200438,64.5810812655206,1,D,56.55969780558441,Y
0.06707647738842748,28.590678923916013,0,C,52.777633052448714,Y
0.7499604703991778,81.59469389686173,1,C,56.381672962762586,N
0.20990559309558576,86.1369996363436,0,B,53.334347837012814,N
0.8980542894407137,84.6514338690278,0,D,69.1829871997009,N
0.20513964048200717,91.89265336395545,1,C,35.71525428891805,Y
0.19068772066366657,25.224102017336158,1,D,39.84507292312203,N
0.03654966784809488,75.50419287462783,0,D,38.41010832093764,N
0.47206694510999925,46.053949727414,0,B,62.45287717793915,N
0.5648411332626164,84.19985528900615,0,A,63.50597882592595,N
0.06570863942835237,72.84906771616131,1,B,56.768379789777626,N
0.7755276166950106,77.64474464997247,1,A,67.75240500334891,Y
0.4532888347480276,65.61618376810715,1,D,32.32938698935429,Y
0.52439026932758,17.742876946970686,1,A,75.00836167326706,N
0.44076274693822814,54.502691889693835,0,D,72.84857932568387,Y
0.400763060875326,98.46697395245081,0,C,61.0343299586862,Y
0.5596403313082179,93.73880664971189,0,C,76.7269836315659,N
0.1552402459307125,4.317373579701167,0,C,25.150651884833394,N
0.18192813049527112,16.481481572943714,0,B,42.133277956060226,Y
0.8617856210135173,13.172877345456191,0,B,38.97044808977071,N
0.9461154621336327,72.59799099852955,1,D,60.82218985636015,Y
0.37330931627975295,81.77853298569451,1,C,34.24788890596781,Y
0.27074467314355377,21.35113663106719,0,B,61.36242724006228,N
0.6439995432390158,50.5852692951829,0,C,70.5580421599507,Y
0.4087341710980964,84.07030280112,1,B,60.42804350125999,Y
0.02538635566034486,73.28015447662506,1,A,54.25626535492252,Y
0.15615259736619036,54.223720549184826,1,A,35.181899886488765,N
0.7159722288473975,59.03476904587729,1,C,37.29723550811953,N
0.6589239419101514,50.83605469162799,0,D,68.74428357945,N
0.02709599250348349,29.754845131882057,0,B,61.69023505857999,N
0.22197216193294944,56.50219928590161,0,B,49.41470720933684,Y
0.2310747965880714,68.88853020500906,0,A,43.73135681351164,N
0.6718927435987284,87.33229158608077,0,A,19.612881903329345,N
0.019710537754364155,63.629135397924806,1,D,33.93721371973342,N
0.10410858198457384,76.1121537043158,0,D,78.67128630709585,N
0.7999160853731894,16.0071634954573,1,D,30.793166434963,Y
0.1785446620543336,46.15574744197899,0,C,52.84219731831621,Y
0.6527461078518747,0.9331619827093296,0,A,65.11165959792798,Y
0.23818278104672652,24.667886452162303,0,C,31.176159979965615,N
0.09944139275934516,72.64617151130048,0,A,52.77065712171625,N
0.24317219099945409,99.18099513493634,0,A,64.06873306265983,Y
0.7222669318556592,9.917809958721591,1,B,50.187489828608754,N
0.8556964681062857,40.14943158612883,1,A,93.02604583500153,N
0.8302198645669916,80.00709686991596,1,A,24.97101111682707,Y
0.3971835296184548,20.403563462889885,0,C,65.88092794825818,Y
0.6680851365706462,55.50849493022862,0,A,47.407973939053036,N
0.20498429541582097,73.30712960296748,1,C,61.578802322550125,N
0.29314773026101326,61.5985450260179,0,D,56.61960727548869,N
0.8963358185211198,18.802473461541613,0,A,39.002657043350055,Y
0.013001923510736035,35.538456868573945,1,A,53.434945886890105,Y
0.08550853085446808,78.37917844853972,0,C,22.131478229025692,Y
0.20788625514602732,55.42265141320166,1,D,59.04871250857091,Y
0.026532203873819715,0.5229613542912737,0,B,54.472376989857885,N
0.18143543508979731,76.09907600280938,1,D,59.57990252964653,Y
0.5830415609696922,3.531135494023907,0,C,65.87177487630726,Y
0.42142455059249795,74.57337827312321,0,D,55.514297603145664,N
0.8926717110769748,20.24805601652374,1,C,52.221341296974146,N
0.8174435617384409,95.80734801193802,0,C,36.78397495008062,N
0.34181735169787597,36.79407513020845,0,B,39.316688545264235,Y
0.2594234334312925,32.69316163380791,1,A,67.80101930265997,N
0.3796924081672669,14.888805033244468,0,C,71.54503108558967,N
0.5902949425148077,30.560421549021488,1,C,46.42834345531919,Y
0.26806364082287626,87.66507618282006,0,B,50.69004120879911,Y
0.624148907849134,99.63343376272474,0,C,36.43078437509351,N
0.4094116521912404,36.83095305068483,0,A,67.59135267901168,Y
0.5520471808519802,44.861063095454256,0,B,59.98125235537668,N
0.4361265291353167,72.2070938202737,1,A,79.11826154695623,N
0.29446575954191767,88.61957804650746,0,A,36.82515384230392,Y
0.9484533069621567,59.304433418678414,1,B,44.32988151472674,N
0.7636057941597608,39.15256981778293,0,C,53.47168883788358,Y
0.14011317576645255,41.262184084862376,0,A,59.69734306588656,Y
0.8684679758979128,69.56181464968068,0,A,46.764985436785516,Y
0.48743119824951364,0.32182636042786816,0,A,36.90558364319449,N
0.8945522268940914,61.95893374598407,1,A,63.22111293385357,Y
0.7998552559473152,35.54930104413574,1,B,60.81703043818372,Y
0.42521350446923345,79.41973312770843,1,B,36.25588849154413,N
0.022469308320117398,9.299063982313216,1,D,70.33164201658244,N
0.2686773593849461,58.82022669483905,0,D,67.55298063794905,N
0.5416342146608669,48.09728898861238,1,A,52.014447458716894,N
0.6334782198261473,64.23255259052274,1,C,51.19396793564054,Y
0.2578876854332023,6.485359448296835,0,A,58.31086656673861,Y
0.13935607407282413,57.99837874281313,0,C,37.074453946156126,Y
0.8349302367992991,56.14845879595237,0,A,50.45047218746123,N
0.9844021807035521,56.06600944161709,0,D,17.714246830862294,N
0.5256901823026858,60.34876665964548,1,D,63.14683468254403,Y
0.1716792858483035,67.64679372263622,1,C,26.57760166337211,N
0.27230732651936895,80.49889996807697,0,A,72.55129742643499,N
0.018390676547466733,26.982072012821433,0,C,45.04819859050325,Y
0.914298806560499,82.5049410180062,0,D,46.82499527103235,Y
0.11775108289014113,49.82556822634536,1,A,40.583991408732416,N
0.5765164755142536,7.705827913433117,1,A,45.679416891168856,N
0.274055220687206,5.85509292439792,0,C,71.27797017722055,N
0.5541780025157934,33.42383186960608,0,B,12.682870151973809,Y
0.6514203883518642,78.48969771114676,1,C,69.15448079132281,Y
0.8297418037072016,70.76809347409157,0,D,55.07035221652562,Y
0.2064212717606032,78.86149646724064,0,D,31.894675282141765,Y
0.010995828658480478,51.72690564416094,1,D,33.87031410426143,Y
0.13688563006880727,44.01989979554906,0,D,75.14589540812304,N
0.9000186418481051,14.745252670628394,1,D,35.81739680085903,N
0.8738900775625152,32.81927536093116,0,B,32.69974234106061,N
0.5974131021703083,43.40193661738753,0,A,67.05971813547094,Y
0.6005168604336534,8.860042967961723,1,C,55.078293144288715,Y
0.6650366745462555,22.061195271121125,1,C,35.93111635195402,Y
0.1753712786234496,59.82252940637388,0,D,53.24937463106929,N
0.9144119459249598,73.56631142391899,1,C,34.61370974539584,Y
0.4187705248920731,99.83475113929497,0,D,66.51232097633908,Y
0.38313852824949746,93.31133313435576,0,B,65.920564473097,N
0.5189177052828375,64.25651995351916,1,B,57.98009298232915,Y
0.046965966775055046,42.1248053294072,0,A,55.42491591870525,N
0.1662833687560794,63.617736470823274,0,B,76.41782187301061,Y
0.7380336164263704,78.56516180802319,1,B,49.99529491082338,Y
0.08279866792512647,11.833619092338733,1,A,32.27188811868798,N
0.6031521094663882,40.99048896962883,0,C,56.74210869248461,N
0.24534910968132095,83.98022856356172,1,D,81.2907057430567,N
0.38929561404197655,38.3832951933044,1,D,34.77860760221222,N
0.28869373677069987,57.18722712271865,1,C,44.57805849959021,N
0.35567271646494913,58.77693608621982,1,A,56.24669057152179,N
0.7190459051842455,18.447625313363936,0,C,49.19142726491391,Y
0.297121715623175,36.22354416522884,0,B,35.26544629434028,Y
0.5664046402968972,33.451128874193216,0,A,66.82786784345706,N
0.47605040219909966,2.6196708532064794,1,A,84.80061083025889,Y
0.6636711653626481,2.4191763891355245,1,A,52.94197188535861,N
0.936829739324758,83.16970436757735,1,D,36.43897565396,Y
0.7325720972102503,27.30708099728124,1,C,26.765592124197873,N
0.21494037859075676,51.80787662388154,1,A,53.869639718317714,Y
0.031183135061284672,29.872557358877305,1,A,66.55816014974387,Y
0.2622640442998251,94.06792451153404,1,A,57.12751619743072,Y
0.5950779307002548,25.929675886577375,0,C,49.96394238621719,Y
0.05142581348425035,42.96568127389351,0,D,41.160925223160405,Y
0.49636624720123634,87.27302504846018,1,B,33.617545509228655,N
0.5968428489168892,84.19335667918087,1,D,62.52126989487323,N
0.3342438908169608,18.610141784627732,1,A,63.70657432078379,N
0.7709122037458219,80.26433097957104,0,D,26.814053199639,Y
0.1065982531337718,45.81868867378927,0,D,73.84758467271025,N
0.07513778173580876,48.29688720853552,1,B,58.611068313410016,Y
0.7281887562036033,13.347997241594378,1,C,70.99391967718691,Y
0.49549131620619846,8.060151375712465,0,C,29.868083772723274,Y
0.688402396427736,72.79393069737652,0,D,29.512637668768416,N
0.4348273386037462,49.646115235529976,0,D,47.765460353490546,Y
0.2464020332391068,43.68507026151796,0,C,57.541766403427914,N
0.8191023176741997,72.95082286523967,1,C,76.94541234390445,N
0.7994158789689793,76.55128989911097,0,B,60.591183707226975,Y
0.6946964708544268,15.890816766935355,0,A,46.3597808478195,Y
0.2721451372299627,61.02251494776413,1,D,34.60446188501162,N
0.5902306668690871,13.535408227768553,0,C,68.45000859078725,N
0.3609738969400268,75.13750860290457,0,D,35.52941861373928,N
0.09158207332663415,65.69551562671396,0,D,74.42702832158483,N
0.9173135754622428,95.6614621083458,1,C,45.73423025590236,N
0.1368186309189614,6.895801635642118,0,B,73.85873108926776,N
0.9502373538208024,5.705472115125431,1,D,60.18396935088917,Y
0.44600577295795574,28.218707469320016,1,B,47.94506765836313,N
